Selected_Name,RF3_Source_File,RFD3_Complex_File,Aligned_RF3_PDB,Reference_QUE_PDB,Ligand_Resname,Ligand_Detection_Method,Protein_CA_Atom_Count,RMSD_Before_Alignment_A,RMSD_After_Alignment_A,QUE_Heavy_Atom_Count,QUE_Extent_X_A,QUE_Extent_Y_A,QUE_Extent_Z_A,Center_X,Center_Y,Center_Z,Size_X,Size_Y,Size_Z,Box_Warning,Vina_Config_File,Status
buried_0_model_5_6,C:\Users\Lenovo\Desktop\small_molecule_design\6_AutoDock_Vina\QUE\Receptor_PDBQT\buried_0_model_5_sample7_model.cif,C:\Users\Lenovo\Desktop\small_molecule_design\6_AutoDock_Vina\QUE\box_parameters\RFD3\buried_0_model_5.cif,C:\Users\Lenovo\Desktop\small_molecule_design\6_AutoDock_Vina\QUE\01_alignment_boxes\aligned_RF3_PDB\buried_0_model_5_6_aligned_RF3.pdb,C:\Users\Lenovo\Desktop\small_molecule_design\6_AutoDock_Vina\QUE\01_alignment_boxes\reference_QUE_PDB\buried_0_model_5_6_reference_QUE.pdb,QUE,preferred_resname,104,21.3444,0.5404,22,5.542,9.486,6.889,2.301,4.099,-0.921,20.0,20.0,20.0,,C:\Users\Lenovo\Desktop\small_molecule_design\6_AutoDock_Vina\QUE\01_alignment_boxes\vina_box_configs\buried_0_model_5_6_vina_box.txt,Success
buried_1_model_0_7,C:\Users\Lenovo\Desktop\small_molecule_design\6_AutoDock_Vina\QUE\Receptor_PDBQT\buried_1_model_0_sample8_model.cif,C:\Users\Lenovo\Desktop\small_molecule_design\6_AutoDock_Vina\QUE\box_parameters\RFD3\buried_1_model_0.cif,C:\Users\Lenovo\Desktop\small_molecule_design\6_AutoDock_Vina\QUE\01_alignment_boxes\aligned_RF3_PDB\buried_1_model_0_7_aligned_RF3.pdb,C:\Users\Lenovo\Desktop\small_molecule_design\6_AutoDock_Vina\QUE\01_alignment_boxes\reference_QUE_PDB\buried_1_model_0_7_reference_QUE.pdb,QUE,preferred_resname,126,23.7659,0.5075,22,2.998,6.966,9.445,-1.201,-3.28,6.534,20.0,20.0,20.0,,C:\Users\Lenovo\Desktop\small_molecule_design\6_AutoDock_Vina\QUE\01_alignment_boxes\vina_box_configs\buried_1_model_0_7_vina_box.txt,Success
buried_3_model_5_4,C:\Users\Lenovo\Desktop\small_molecule_design\6_AutoDock_Vina\QUE\Receptor_PDBQT\buried_3_model_5_sample5_model.cif,C:\Users\Lenovo\Desktop\small_molecule_design\6_AutoDock_Vina\QUE\box_parameters\RFD3\buried_3_model_5.cif,C:\Users\Lenovo\Desktop\small_molecule_design\6_AutoDock_Vina\QUE\01_alignment_boxes\aligned_RF3_PDB\buried_3_model_5_4_aligned_RF3.pdb,C:\Users\Lenovo\Desktop\small_molecule_design\6_AutoDock_Vina\QUE\01_alignment_boxes\reference_QUE_PDB\buried_3_model_5_4_reference_QUE.pdb,QUE,preferred_resname,145,21.3712,0.723,22,9.928,7.632,3.763,-1.336,-9.639,-2.77,20.0,20.0,20.0,,C:\Users\Lenovo\Desktop\small_molecule_design\6_AutoDock_Vina\QUE\01_alignment_boxes\vina_box_configs\buried_3_model_5_4_vina_box.txt,Success
buried_4_model_0_8,C:\Users\Lenovo\Desktop\small_molecule_design\6_AutoDock_Vina\QUE\Receptor_PDBQT\buried_4_model_0_sample9_model.cif,C:\Users\Lenovo\Desktop\small_molecule_design\6_AutoDock_Vina\QUE\box_parameters\RFD3\buried_4_model_0.cif,C:\Users\Lenovo\Desktop\small_molecule_design\6_AutoDock_Vina\QUE\01_alignment_boxes\aligned_RF3_PDB\buried_4_model_0_8_aligned_RF3.pdb,C:\Users\Lenovo\Desktop\small_molecule_design\6_AutoDock_Vina\QUE\01_alignment_boxes\reference_QUE_PDB\buried_4_model_0_8_reference_QUE.pdb,QUE,preferred_resname,114,20.7429,0.6451,22,5.468,6.084,10.429,0.51,-11.367,-2.952,20.0,20.0,20.0,,C:\Users\Lenovo\Desktop\small_molecule_design\6_AutoDock_Vina\QUE\01_alignment_boxes\vina_box_configs\buried_4_model_0_8_vina_box.txt,Success
buried_5_model_1_3,C:\Users\Lenovo\Desktop\small_molecule_design\6_AutoDock_Vina\QUE\Receptor_PDBQT\buried_5_model_1_sample4_model.cif,C:\Users\Lenovo\Desktop\small_molecule_design\6_AutoDock_Vina\QUE\box_parameters\RFD3\buried_5_model_1.cif,C:\Users\Lenovo\Desktop\small_molecule_design\6_AutoDock_Vina\QUE\01_alignment_boxes\aligned_RF3_PDB\buried_5_model_1_3_aligned_RF3.pdb,C:\Users\Lenovo\Desktop\small_molecule_design\6_AutoDock_Vina\QUE\01_alignment_boxes\reference_QUE_PDB\buried_5_model_1_3_reference_QUE.pdb,QUE,preferred_resname,113,21.991,0.9059,22,7.902,5.689,8.716,-0.533,2.096,2.265,20.0,20.0,20.0,,C:\Users\Lenovo\Desktop\small_molecule_design\6_AutoDock_Vina\QUE\01_alignment_boxes\vina_box_configs\buried_5_model_1_3_vina_box.txt,Success
buried_5_model_6_7,C:\Users\Lenovo\Desktop\small_molecule_design\6_AutoDock_Vina\QUE\Receptor_PDBQT\buried_5_model_6_sample8_model.cif,C:\Users\Lenovo\Desktop\small_molecule_design\6_AutoDock_Vina\QUE\box_parameters\RFD3\buried_5_model_6.cif,C:\Users\Lenovo\Desktop\small_molecule_design\6_AutoDock_Vina\QUE\01_alignment_boxes\aligned_RF3_PDB\buried_5_model_6_7_aligned_RF3.pdb,C:\Users\Lenovo\Desktop\small_molecule_design\6_AutoDock_Vina\QUE\01_alignment_boxes\reference_QUE_PDB\buried_5_model_6_7_reference_QUE.pdb,QUE,preferred_resname,113,23.8351,0.4637,22,6.834,9.084,4.728,-0.056,6.863,-3.04,20.0,20.0,20.0,,C:\Users\Lenovo\Desktop\small_molecule_design\6_AutoDock_Vina\QUE\01_alignment_boxes\vina_box_configs\buried_5_model_6_7_vina_box.txt,Success
buried_5_model_9_6,C:\Users\Lenovo\Desktop\small_molecule_design\6_AutoDock_Vina\QUE\Receptor_PDBQT\buried_5_model_9_sample7_model.cif,C:\Users\Lenovo\Desktop\small_molecule_design\6_AutoDock_Vina\QUE\box_parameters\RFD3\buried_5_model_9.cif,C:\Users\Lenovo\Desktop\small_molecule_design\6_AutoDock_Vina\QUE\01_alignment_boxes\aligned_RF3_PDB\buried_5_model_9_6_aligned_RF3.pdb,C:\Users\Lenovo\Desktop\small_molecule_design\6_AutoDock_Vina\QUE\01_alignment_boxes\reference_QUE_PDB\buried_5_model_9_6_reference_QUE.pdb,QUE,preferred_resname,113,17.0103,0.4993,22,4.075,10.018,4.378,9.147,-0.925,2.948,20.0,20.0,20.0,,C:\Users\Lenovo\Desktop\small_molecule_design\6_AutoDock_Vina\QUE\01_alignment_boxes\vina_box_configs\buried_5_model_9_6_vina_box.txt,Success
buried_6_model_5_2,C:\Users\Lenovo\Desktop\small_molecule_design\6_AutoDock_Vina\QUE\Receptor_PDBQT\buried_6_model_5_sample3_model.cif,C:\Users\Lenovo\Desktop\small_molecule_design\6_AutoDock_Vina\QUE\box_parameters\RFD3\buried_6_model_5.cif,C:\Users\Lenovo\Desktop\small_molecule_design\6_AutoDock_Vina\QUE\01_alignment_boxes\aligned_RF3_PDB\buried_6_model_5_2_aligned_RF3.pdb,C:\Users\Lenovo\Desktop\small_molecule_design\6_AutoDock_Vina\QUE\01_alignment_boxes\reference_QUE_PDB\buried_6_model_5_2_reference_QUE.pdb,QUE,preferred_resname,133,20.5222,0.725,22,9.927,5.977,4.817,-1.145,-0.877,-1.343,20.0,20.0,20.0,,C:\Users\Lenovo\Desktop\small_molecule_design\6_AutoDock_Vina\QUE\01_alignment_boxes\vina_box_configs\buried_6_model_5_2_vina_box.txt,Success
buried_7_model_7_4,C:\Users\Lenovo\Desktop\small_molecule_design\6_AutoDock_Vina\QUE\Receptor_PDBQT\buried_7_model_7_sample5_model.cif,C:\Users\Lenovo\Desktop\small_molecule_design\6_AutoDock_Vina\QUE\box_parameters\RFD3\buried_7_model_7.cif,C:\Users\Lenovo\Desktop\small_molecule_design\6_AutoDock_Vina\QUE\01_alignment_boxes\aligned_RF3_PDB\buried_7_model_7_4_aligned_RF3.pdb,C:\Users\Lenovo\Desktop\small_molecule_design\6_AutoDock_Vina\QUE\01_alignment_boxes\reference_QUE_PDB\buried_7_model_7_4_reference_QUE.pdb,QUE,preferred_resname,137,21.731,0.9459,22,4.998,5.852,9.451,0.404,1.598,-3.358,20.0,20.0,20.0,,C:\Users\Lenovo\Desktop\small_molecule_design\6_AutoDock_Vina\QUE\01_alignment_boxes\vina_box_configs\buried_7_model_7_4_vina_box.txt,Success
buried_7_model_9_3,C:\Users\Lenovo\Desktop\small_molecule_design\6_AutoDock_Vina\QUE\Receptor_PDBQT\buried_7_model_9_sample4_model.cif,C:\Users\Lenovo\Desktop\small_molecule_design\6_AutoDock_Vina\QUE\box_parameters\RFD3\buried_7_model_9.cif,C:\Users\Lenovo\Desktop\small_molecule_design\6_AutoDock_Vina\QUE\01_alignment_boxes\aligned_RF3_PDB\buried_7_model_9_3_aligned_RF3.pdb,C:\Users\Lenovo\Desktop\small_molecule_design\6_AutoDock_Vina\QUE\01_alignment_boxes\reference_QUE_PDB\buried_7_model_9_3_reference_QUE.pdb,QUE,preferred_resname,137,18.8519,0.7369,22,3.782,10.355,4.892,2.841,7.664,4.907,20.0,20.0,20.0,,C:\Users\Lenovo\Desktop\small_molecule_design\6_AutoDock_Vina\QUE\01_alignment_boxes\vina_box_configs\buried_7_model_9_3_vina_box.txt,Success
buried_8_model_1_7,C:\Users\Lenovo\Desktop\small_molecule_design\6_AutoDock_Vina\QUE\Receptor_PDBQT\buried_8_model_1_sample8_model.cif,C:\Users\Lenovo\Desktop\small_molecule_design\6_AutoDock_Vina\QUE\box_parameters\RFD3\buried_8_model_1.cif,C:\Users\Lenovo\Desktop\small_molecule_design\6_AutoDock_Vina\QUE\01_alignment_boxes\aligned_RF3_PDB\buried_8_model_1_7_aligned_RF3.pdb,C:\Users\Lenovo\Desktop\small_molecule_design\6_AutoDock_Vina\QUE\01_alignment_boxes\reference_QUE_PDB\buried_8_model_1_7_reference_QUE.pdb,QUE,preferred_resname,144,20.0929,0.5747,22,5.473,9.194,5.126,2.02,7.008,-8.555,20.0,20.0,20.0,,C:\Users\Lenovo\Desktop\small_molecule_design\6_AutoDock_Vina\QUE\01_alignment_boxes\vina_box_configs\buried_8_model_1_7_vina_box.txt,Success
buried_0_model_7_0,C:\Users\Lenovo\Desktop\small_molecule_design\6_AutoDock_Vina\QUE\Receptor_PDBQT\buried_0_model_7_sample1_model.cif,C:\Users\Lenovo\Desktop\small_molecule_design\6_AutoDock_Vina\QUE\box_parameters\RFD3\buried_0_model_7.cif,C:\Users\Lenovo\Desktop\small_molecule_design\6_AutoDock_Vina\QUE\01_alignment_boxes\aligned_RF3_PDB\buried_0_model_7_0_aligned_RF3.pdb,C:\Users\Lenovo\Desktop\small_molecule_design\6_AutoDock_Vina\QUE\01_alignment_boxes\reference_QUE_PDB\buried_0_model_7_0_reference_QUE.pdb,QUE,preferred_resname,104,21.758,0.9557,22,6.374,9.248,7.398,1.64,-1.191,0.25,20.0,20.0,20.0,,C:\Users\Lenovo\Desktop\small_molecule_design\6_AutoDock_Vina\QUE\01_alignment_boxes\vina_box_configs\buried_0_model_7_0_vina_box.txt,Success
buried_0_model_9_8,C:\Users\Lenovo\Desktop\small_molecule_design\6_AutoDock_Vina\QUE\Receptor_PDBQT\buried_0_model_9_sample9_model.cif,C:\Users\Lenovo\Desktop\small_molecule_design\6_AutoDock_Vina\QUE\box_parameters\RFD3\buried_0_model_9.cif,C:\Users\Lenovo\Desktop\small_molecule_design\6_AutoDock_Vina\QUE\01_alignment_boxes\aligned_RF3_PDB\buried_0_model_9_8_aligned_RF3.pdb,C:\Users\Lenovo\Desktop\small_molecule_design\6_AutoDock_Vina\QUE\01_alignment_boxes\reference_QUE_PDB\buried_0_model_9_8_reference_QUE.pdb,QUE,preferred_resname,104,24.0106,0.8602,22,8.925,3.469,8.826,4.956,1.362,-3.397,20.0,20.0,20.0,,C:\Users\Lenovo\Desktop\small_molecule_design\6_AutoDock_Vina\QUE\01_alignment_boxes\vina_box_configs\buried_0_model_9_8_vina_box.txt,Success
buried_1_model_1_0,C:\Users\Lenovo\Desktop\small_molecule_design\6_AutoDock_Vina\QUE\Receptor_PDBQT\buried_1_model_1_sample1_model.cif,C:\Users\Lenovo\Desktop\small_molecule_design\6_AutoDock_Vina\QUE\box_parameters\RFD3\buried_1_model_1.cif,C:\Users\Lenovo\Desktop\small_molecule_design\6_AutoDock_Vina\QUE\01_alignment_boxes\aligned_RF3_PDB\buried_1_model_1_0_aligned_RF3.pdb,C:\Users\Lenovo\Desktop\small_molecule_design\6_AutoDock_Vina\QUE\01_alignment_boxes\reference_QUE_PDB\buried_1_model_1_0_reference_QUE.pdb,QUE,preferred_resname,126,12.578,0.5865,22,9.553,4.337,8.4,-0.148,-0.627,-0.031,20.0,20.0,20.0,,C:\Users\Lenovo\Desktop\small_molecule_design\6_AutoDock_Vina\QUE\01_alignment_boxes\vina_box_configs\buried_1_model_1_0_vina_box.txt,Success
buried_2_model_2_0,C:\Users\Lenovo\Desktop\small_molecule_design\6_AutoDock_Vina\QUE\Receptor_PDBQT\buried_2_model_2_sample1_model.cif,C:\Users\Lenovo\Desktop\small_molecule_design\6_AutoDock_Vina\QUE\box_parameters\RFD3\buried_2_model_2.cif,C:\Users\Lenovo\Desktop\small_molecule_design\6_AutoDock_Vina\QUE\01_alignment_boxes\aligned_RF3_PDB\buried_2_model_2_0_aligned_RF3.pdb,C:\Users\Lenovo\Desktop\small_molecule_design\6_AutoDock_Vina\QUE\01_alignment_boxes\reference_QUE_PDB\buried_2_model_2_0_reference_QUE.pdb,QUE,preferred_resname,101,19.2495,1.0817,22,9.633,5.513,5.318,-3.654,0.397,0.344,20.0,20.0,20.0,,C:\Users\Lenovo\Desktop\small_molecule_design\6_AutoDock_Vina\QUE\01_alignment_boxes\vina_box_configs\buried_2_model_2_0_vina_box.txt,Success
buried_2_model_8_2,C:\Users\Lenovo\Desktop\small_molecule_design\6_AutoDock_Vina\QUE\Receptor_PDBQT\buried_2_model_8_sample3_model.cif,C:\Users\Lenovo\Desktop\small_molecule_design\6_AutoDock_Vina\QUE\box_parameters\RFD3\buried_2_model_8.cif,C:\Users\Lenovo\Desktop\small_molecule_design\6_AutoDock_Vina\QUE\01_alignment_boxes\aligned_RF3_PDB\buried_2_model_8_2_aligned_RF3.pdb,C:\Users\Lenovo\Desktop\small_molecule_design\6_AutoDock_Vina\QUE\01_alignment_boxes\reference_QUE_PDB\buried_2_model_8_2_reference_QUE.pdb,QUE,preferred_resname,101,22.4936,0.8236,22,9.267,4.057,5.686,6.493,-4.149,10.832,20.0,20.0,20.0,,C:\Users\Lenovo\Desktop\small_molecule_design\6_AutoDock_Vina\QUE\01_alignment_boxes\vina_box_configs\buried_2_model_8_2_vina_box.txt,Success
buried_2_model_9_2,C:\Users\Lenovo\Desktop\small_molecule_design\6_AutoDock_Vina\QUE\Receptor_PDBQT\buried_2_model_9_sample3_model.cif,C:\Users\Lenovo\Desktop\small_molecule_design\6_AutoDock_Vina\QUE\box_parameters\RFD3\buried_2_model_9.cif,C:\Users\Lenovo\Desktop\small_molecule_design\6_AutoDock_Vina\QUE\01_alignment_boxes\aligned_RF3_PDB\buried_2_model_9_2_aligned_RF3.pdb,C:\Users\Lenovo\Desktop\small_molecule_design\6_AutoDock_Vina\QUE\01_alignment_boxes\reference_QUE_PDB\buried_2_model_9_2_reference_QUE.pdb,QUE,preferred_resname,101,15.9415,0.6515,22,8.44,4.371,8.372,-1.787,1.435,-4.981,20.0,20.0,20.0,,C:\Users\Lenovo\Desktop\small_molecule_design\6_AutoDock_Vina\QUE\01_alignment_boxes\vina_box_configs\buried_2_model_9_2_vina_box.txt,Success
buried_3_model_6_2,C:\Users\Lenovo\Desktop\small_molecule_design\6_AutoDock_Vina\QUE\Receptor_PDBQT\buried_3_model_6_sample3_model.cif,C:\Users\Lenovo\Desktop\small_molecule_design\6_AutoDock_Vina\QUE\box_parameters\RFD3\buried_3_model_6.cif,C:\Users\Lenovo\Desktop\small_molecule_design\6_AutoDock_Vina\QUE\01_alignment_boxes\aligned_RF3_PDB\buried_3_model_6_2_aligned_RF3.pdb,C:\Users\Lenovo\Desktop\small_molecule_design\6_AutoDock_Vina\QUE\01_alignment_boxes\reference_QUE_PDB\buried_3_model_6_2_reference_QUE.pdb,QUE,preferred_resname,145,13.7316,0.7434,22,9.081,5.447,6.113,-1.141,3.633,0.777,20.0,20.0,20.0,,C:\Users\Lenovo\Desktop\small_molecule_design\6_AutoDock_Vina\QUE\01_alignment_boxes\vina_box_configs\buried_3_model_6_2_vina_box.txt,Success
buried_4_model_3_7,C:\Users\Lenovo\Desktop\small_molecule_design\6_AutoDock_Vina\QUE\Receptor_PDBQT\buried_4_model_3_sample8_model.cif,C:\Users\Lenovo\Desktop\small_molecule_design\6_AutoDock_Vina\QUE\box_parameters\RFD3\buried_4_model_3.cif,C:\Users\Lenovo\Desktop\small_molecule_design\6_AutoDock_Vina\QUE\01_alignment_boxes\aligned_RF3_PDB\buried_4_model_3_7_aligned_RF3.pdb,C:\Users\Lenovo\Desktop\small_molecule_design\6_AutoDock_Vina\QUE\01_alignment_boxes\reference_QUE_PDB\buried_4_model_3_7_reference_QUE.pdb,QUE,preferred_resname,114,19.2824,0.4004,22,3.932,10.2,6.089,-0.824,-0.724,-4.118,20.0,20.0,20.0,,C:\Users\Lenovo\Desktop\small_molecule_design\6_AutoDock_Vina\QUE\01_alignment_boxes\vina_box_configs\buried_4_model_3_7_vina_box.txt,Success
buried_4_model_4_6,C:\Users\Lenovo\Desktop\small_molecule_design\6_AutoDock_Vina\QUE\Receptor_PDBQT\buried_4_model_4_sample7_model.cif,C:\Users\Lenovo\Desktop\small_molecule_design\6_AutoDock_Vina\QUE\box_parameters\RFD3\buried_4_model_4.cif,C:\Users\Lenovo\Desktop\small_molecule_design\6_AutoDock_Vina\QUE\01_alignment_boxes\aligned_RF3_PDB\buried_4_model_4_6_aligned_RF3.pdb,C:\Users\Lenovo\Desktop\small_molecule_design\6_AutoDock_Vina\QUE\01_alignment_boxes\reference_QUE_PDB\buried_4_model_4_6_reference_QUE.pdb,QUE,preferred_resname,114,24.343,1.505,22,6.634,4.807,9.494,-4.459,-1.996,5.819,20.0,20.0,20.0,,C:\Users\Lenovo\Desktop\small_molecule_design\6_AutoDock_Vina\QUE\01_alignment_boxes\vina_box_configs\buried_4_model_4_6_vina_box.txt,Success
buried_4_model_5_0,C:\Users\Lenovo\Desktop\small_molecule_design\6_AutoDock_Vina\QUE\Receptor_PDBQT\buried_4_model_5_sample1_model.cif,C:\Users\Lenovo\Desktop\small_molecule_design\6_AutoDock_Vina\QUE\box_parameters\RFD3\buried_4_model_5.cif,C:\Users\Lenovo\Desktop\small_molecule_design\6_AutoDock_Vina\QUE\01_alignment_boxes\aligned_RF3_PDB\buried_4_model_5_0_aligned_RF3.pdb,C:\Users\Lenovo\Desktop\small_molecule_design\6_AutoDock_Vina\QUE\01_alignment_boxes\reference_QUE_PDB\buried_4_model_5_0_reference_QUE.pdb,QUE,preferred_resname,114,12.5158,0.7899,22,9.836,4.139,7.04,-2.313,1.931,-2.06,20.0,20.0,20.0,,C:\Users\Lenovo\Desktop\small_molecule_design\6_AutoDock_Vina\QUE\01_alignment_boxes\vina_box_configs\buried_4_model_5_0_vina_box.txt,Success
buried_4_model_6_6,C:\Users\Lenovo\Desktop\small_molecule_design\6_AutoDock_Vina\QUE\Receptor_PDBQT\buried_4_model_6_sample7_model.cif,C:\Users\Lenovo\Desktop\small_molecule_design\6_AutoDock_Vina\QUE\box_parameters\RFD3\buried_4_model_6.cif,C:\Users\Lenovo\Desktop\small_molecule_design\6_AutoDock_Vina\QUE\01_alignment_boxes\aligned_RF3_PDB\buried_4_model_6_6_aligned_RF3.pdb,C:\Users\Lenovo\Desktop\small_molecule_design\6_AutoDock_Vina\QUE\01_alignment_boxes\reference_QUE_PDB\buried_4_model_6_6_reference_QUE.pdb,QUE,preferred_resname,114,13.245,0.8104,22,6.719,6.538,8.345,-8.061,-1.677,8.19,20.0,20.0,20.0,,C:\Users\Lenovo\Desktop\small_molecule_design\6_AutoDock_Vina\QUE\01_alignment_boxes\vina_box_configs\buried_4_model_6_6_vina_box.txt,Success
buried_5_model_0_4,C:\Users\Lenovo\Desktop\small_molecule_design\6_AutoDock_Vina\QUE\Receptor_PDBQT\buried_5_model_0_sample5_model.cif,C:\Users\Lenovo\Desktop\small_molecule_design\6_AutoDock_Vina\QUE\box_parameters\RFD3\buried_5_model_0.cif,C:\Users\Lenovo\Desktop\small_molecule_design\6_AutoDock_Vina\QUE\01_alignment_boxes\aligned_RF3_PDB\buried_5_model_0_4_aligned_RF3.pdb,C:\Users\Lenovo\Desktop\small_molecule_design\6_AutoDock_Vina\QUE\01_alignment_boxes\reference_QUE_PDB\buried_5_model_0_4_reference_QUE.pdb,QUE,preferred_resname,113,14.9858,0.4681,22,7.133,4.218,9.35,-3.472,-2.012,-5.586,20.0,20.0,20.0,,C:\Users\Lenovo\Desktop\small_molecule_design\6_AutoDock_Vina\QUE\01_alignment_boxes\vina_box_configs\buried_5_model_0_4_vina_box.txt,Success
buried_5_model_3_5,C:\Users\Lenovo\Desktop\small_molecule_design\6_AutoDock_Vina\QUE\Receptor_PDBQT\buried_5_model_3_sample6_model.cif,C:\Users\Lenovo\Desktop\small_molecule_design\6_AutoDock_Vina\QUE\box_parameters\RFD3\buried_5_model_3.cif,C:\Users\Lenovo\Desktop\small_molecule_design\6_AutoDock_Vina\QUE\01_alignment_boxes\aligned_RF3_PDB\buried_5_model_3_5_aligned_RF3.pdb,C:\Users\Lenovo\Desktop\small_molecule_design\6_AutoDock_Vina\QUE\01_alignment_boxes\reference_QUE_PDB\buried_5_model_3_5_reference_QUE.pdb,QUE,preferred_resname,113,19.8626,1.6741,22,6.725,5.865,8.674,-1.766,1.203,13.537,20.0,20.0,20.0,,C:\Users\Lenovo\Desktop\small_molecule_design\6_AutoDock_Vina\QUE\01_alignment_boxes\vina_box_configs\buried_5_model_3_5_vina_box.txt,Success
buried_6_model_1_4,C:\Users\Lenovo\Desktop\small_molecule_design\6_AutoDock_Vina\QUE\Receptor_PDBQT\buried_6_model_1_sample5_model.cif,C:\Users\Lenovo\Desktop\small_molecule_design\6_AutoDock_Vina\QUE\box_parameters\RFD3\buried_6_model_1.cif,C:\Users\Lenovo\Desktop\small_molecule_design\6_AutoDock_Vina\QUE\01_alignment_boxes\aligned_RF3_PDB\buried_6_model_1_4_aligned_RF3.pdb,C:\Users\Lenovo\Desktop\small_molecule_design\6_AutoDock_Vina\QUE\01_alignment_boxes\reference_QUE_PDB\buried_6_model_1_4_reference_QUE.pdb,QUE,preferred_resname,133,12.3718,0.5628,22,6.111,7.54,8.157,-7.108,6.6,6.511,20.0,20.0,20.0,,C:\Users\Lenovo\Desktop\small_molecule_design\6_AutoDock_Vina\QUE\01_alignment_boxes\vina_box_configs\buried_6_model_1_4_vina_box.txt,Success
buried_6_model_3_1,C:\Users\Lenovo\Desktop\small_molecule_design\6_AutoDock_Vina\QUE\Receptor_PDBQT\buried_6_model_3_sample2_model.cif,C:\Users\Lenovo\Desktop\small_molecule_design\6_AutoDock_Vina\QUE\box_parameters\RFD3\buried_6_model_3.cif,C:\Users\Lenovo\Desktop\small_molecule_design\6_AutoDock_Vina\QUE\01_alignment_boxes\aligned_RF3_PDB\buried_6_model_3_1_aligned_RF3.pdb,C:\Users\Lenovo\Desktop\small_molecule_design\6_AutoDock_Vina\QUE\01_alignment_boxes\reference_QUE_PDB\buried_6_model_3_1_reference_QUE.pdb,QUE,preferred_resname,133,22.9096,0.6715,22,6.33,9.373,7.035,-8.316,6.733,4.206,20.0,20.0,20.0,,C:\Users\Lenovo\Desktop\small_molecule_design\6_AutoDock_Vina\QUE\01_alignment_boxes\vina_box_configs\buried_6_model_3_1_vina_box.txt,Success
buried_6_model_7_9,C:\Users\Lenovo\Desktop\small_molecule_design\6_AutoDock_Vina\QUE\Receptor_PDBQT\buried_6_model_7_sample10_model.cif,C:\Users\Lenovo\Desktop\small_molecule_design\6_AutoDock_Vina\QUE\box_parameters\RFD3\buried_6_model_7.cif,C:\Users\Lenovo\Desktop\small_molecule_design\6_AutoDock_Vina\QUE\01_alignment_boxes\aligned_RF3_PDB\buried_6_model_7_9_aligned_RF3.pdb,C:\Users\Lenovo\Desktop\small_molecule_design\6_AutoDock_Vina\QUE\01_alignment_boxes\reference_QUE_PDB\buried_6_model_7_9_reference_QUE.pdb,QUE,preferred_resname,133,16.1831,0.8102,22,6.385,4.189,8.439,1.107,0.639,-4.284,20.0,20.0,20.0,,C:\Users\Lenovo\Desktop\small_molecule_design\6_AutoDock_Vina\QUE\01_alignment_boxes\vina_box_configs\buried_6_model_7_9_vina_box.txt,Success
buried_6_model_8_8,C:\Users\Lenovo\Desktop\small_molecule_design\6_AutoDock_Vina\QUE\Receptor_PDBQT\buried_6_model_8_sample9_model.cif,C:\Users\Lenovo\Desktop\small_molecule_design\6_AutoDock_Vina\QUE\box_parameters\RFD3\buried_6_model_8.cif,C:\Users\Lenovo\Desktop\small_molecule_design\6_AutoDock_Vina\QUE\01_alignment_boxes\aligned_RF3_PDB\buried_6_model_8_8_aligned_RF3.pdb,C:\Users\Lenovo\Desktop\small_molecule_design\6_AutoDock_Vina\QUE\01_alignment_boxes\reference_QUE_PDB\buried_6_model_8_8_reference_QUE.pdb,QUE,preferred_resname,133,19.1657,0.8142,22,7.086,9.875,6.216,-2.507,-5.101,2.435,20.0,20.0,20.0,,C:\Users\Lenovo\Desktop\small_molecule_design\6_AutoDock_Vina\QUE\01_alignment_boxes\vina_box_configs\buried_6_model_8_8_vina_box.txt,Success
buried_7_model_0_2,C:\Users\Lenovo\Desktop\small_molecule_design\6_AutoDock_Vina\QUE\Receptor_PDBQT\buried_7_model_0_sample3_model.cif,C:\Users\Lenovo\Desktop\small_molecule_design\6_AutoDock_Vina\QUE\box_parameters\RFD3\buried_7_model_0.cif,C:\Users\Lenovo\Desktop\small_molecule_design\6_AutoDock_Vina\QUE\01_alignment_boxes\aligned_RF3_PDB\buried_7_model_0_2_aligned_RF3.pdb,C:\Users\Lenovo\Desktop\small_molecule_design\6_AutoDock_Vina\QUE\01_alignment_boxes\reference_QUE_PDB\buried_7_model_0_2_reference_QUE.pdb,QUE,preferred_resname,137,22.768,0.5059,22,6.04,7.405,7.707,2.866,-1.963,-2.855,20.0,20.0,20.0,,C:\Users\Lenovo\Desktop\small_molecule_design\6_AutoDock_Vina\QUE\01_alignment_boxes\vina_box_configs\buried_7_model_0_2_vina_box.txt,Success
buried_7_model_2_3,C:\Users\Lenovo\Desktop\small_molecule_design\6_AutoDock_Vina\QUE\Receptor_PDBQT\buried_7_model_2_sample4_model.cif,C:\Users\Lenovo\Desktop\small_molecule_design\6_AutoDock_Vina\QUE\box_parameters\RFD3\buried_7_model_2.cif,C:\Users\Lenovo\Desktop\small_molecule_design\6_AutoDock_Vina\QUE\01_alignment_boxes\aligned_RF3_PDB\buried_7_model_2_3_aligned_RF3.pdb,C:\Users\Lenovo\Desktop\small_molecule_design\6_AutoDock_Vina\QUE\01_alignment_boxes\reference_QUE_PDB\buried_7_model_2_3_reference_QUE.pdb,QUE,preferred_resname,137,23.8117,0.498,22,8.915,8.633,4.188,-1.619,1.069,-1.33,20.0,20.0,20.0,,C:\Users\Lenovo\Desktop\small_molecule_design\6_AutoDock_Vina\QUE\01_alignment_boxes\vina_box_configs\buried_7_model_2_3_vina_box.txt,Success
buried_8_model_2_6,C:\Users\Lenovo\Desktop\small_molecule_design\6_AutoDock_Vina\QUE\Receptor_PDBQT\buried_8_model_2_sample7_model.cif,C:\Users\Lenovo\Desktop\small_molecule_design\6_AutoDock_Vina\QUE\box_parameters\RFD3\buried_8_model_2.cif,C:\Users\Lenovo\Desktop\small_molecule_design\6_AutoDock_Vina\QUE\01_alignment_boxes\aligned_RF3_PDB\buried_8_model_2_6_aligned_RF3.pdb,C:\Users\Lenovo\Desktop\small_molecule_design\6_AutoDock_Vina\QUE\01_alignment_boxes\reference_QUE_PDB\buried_8_model_2_6_reference_QUE.pdb,QUE,preferred_resname,144,20.8462,0.574,22,8.876,5.712,6.542,5.316,-6.304,4.664,20.0,20.0,20.0,,C:\Users\Lenovo\Desktop\small_molecule_design\6_AutoDock_Vina\QUE\01_alignment_boxes\vina_box_configs\buried_8_model_2_6_vina_box.txt,Success
buried_8_model_3_3,C:\Users\Lenovo\Desktop\small_molecule_design\6_AutoDock_Vina\QUE\Receptor_PDBQT\buried_8_model_3_sample4_model.cif,C:\Users\Lenovo\Desktop\small_molecule_design\6_AutoDock_Vina\QUE\box_parameters\RFD3\buried_8_model_3.cif,C:\Users\Lenovo\Desktop\small_molecule_design\6_AutoDock_Vina\QUE\01_alignment_boxes\aligned_RF3_PDB\buried_8_model_3_3_aligned_RF3.pdb,C:\Users\Lenovo\Desktop\small_molecule_design\6_AutoDock_Vina\QUE\01_alignment_boxes\reference_QUE_PDB\buried_8_model_3_3_reference_QUE.pdb,QUE,preferred_resname,144,13.2597,0.5631,22,7.245,9.49,3.584,1.402,-2.226,-2.396,20.0,20.0,20.0,,C:\Users\Lenovo\Desktop\small_molecule_design\6_AutoDock_Vina\QUE\01_alignment_boxes\vina_box_configs\buried_8_model_3_3_vina_box.txt,Success
