receptor_id,backbone_id,reference_file,aligned_receptor_pdb,reference_ligand_pdb,config_file,alignment_method,pocket_ca_count,alignment_rmsd_A,ligand_atom_count,center_x,center_y,center_z,box_size,status
buried_0_model_0_sample1_model,buried_0_model_0,C:\Users\Lenovo\Desktop\small_molecule_design\6_AutoDock_Vina\9IR\RFD3_cifs\buried_0_model_0.cif,C:\Users\Lenovo\Desktop\small_molecule_design\6_AutoDock_Vina\9IR\Aligned_Receptor_PDB\buried_0_model_0_sample1_model_aligned.pdb,C:\Users\Lenovo\Desktop\small_molecule_design\6_AutoDock_Vina\9IR\box_parameters\reference_ligands\buried_0_model_0_sample1_model_9IR_reference.pdb,C:\Users\Lenovo\Desktop\small_molecule_design\6_AutoDock_Vina\9IR\box_parameters\configs\buried_0_model_0_sample1_model.box.txt,pocket_pair_fit,10,0.3768,10,1.102,-0.605,8.606,20.0,success
buried_0_model_2_sample4_model,buried_0_model_2,C:\Users\Lenovo\Desktop\small_molecule_design\6_AutoDock_Vina\9IR\RFD3_cifs\buried_0_model_2.cif,C:\Users\Lenovo\Desktop\small_molecule_design\6_AutoDock_Vina\9IR\Aligned_Receptor_PDB\buried_0_model_2_sample4_model_aligned.pdb,C:\Users\Lenovo\Desktop\small_molecule_design\6_AutoDock_Vina\9IR\box_parameters\reference_ligands\buried_0_model_2_sample4_model_9IR_reference.pdb,C:\Users\Lenovo\Desktop\small_molecule_design\6_AutoDock_Vina\9IR\box_parameters\configs\buried_0_model_2_sample4_model.box.txt,pocket_pair_fit,14,0.4014,10,-1.359,0.799,2.884,20.0,success
buried_0_model_3_sample4_model,buried_0_model_3,C:\Users\Lenovo\Desktop\small_molecule_design\6_AutoDock_Vina\9IR\RFD3_cifs\buried_0_model_3.cif,C:\Users\Lenovo\Desktop\small_molecule_design\6_AutoDock_Vina\9IR\Aligned_Receptor_PDB\buried_0_model_3_sample4_model_aligned.pdb,C:\Users\Lenovo\Desktop\small_molecule_design\6_AutoDock_Vina\9IR\box_parameters\reference_ligands\buried_0_model_3_sample4_model_9IR_reference.pdb,C:\Users\Lenovo\Desktop\small_molecule_design\6_AutoDock_Vina\9IR\box_parameters\configs\buried_0_model_3_sample4_model.box.txt,pocket_pair_fit,16,0.4383,10,-8.831,-1.811,-0.576,20.0,success
buried_0_model_4_sample8_model,buried_0_model_4,C:\Users\Lenovo\Desktop\small_molecule_design\6_AutoDock_Vina\9IR\RFD3_cifs\buried_0_model_4.cif,C:\Users\Lenovo\Desktop\small_molecule_design\6_AutoDock_Vina\9IR\Aligned_Receptor_PDB\buried_0_model_4_sample8_model_aligned.pdb,C:\Users\Lenovo\Desktop\small_molecule_design\6_AutoDock_Vina\9IR\box_parameters\reference_ligands\buried_0_model_4_sample8_model_9IR_reference.pdb,C:\Users\Lenovo\Desktop\small_molecule_design\6_AutoDock_Vina\9IR\box_parameters\configs\buried_0_model_4_sample8_model.box.txt,pocket_pair_fit,17,0.4173,10,2.236,0.846,2.713,20.0,success
buried_0_model_5_sample7_model,buried_0_model_5,C:\Users\Lenovo\Desktop\small_molecule_design\6_AutoDock_Vina\9IR\RFD3_cifs\buried_0_model_5.cif,C:\Users\Lenovo\Desktop\small_molecule_design\6_AutoDock_Vina\9IR\Aligned_Receptor_PDB\buried_0_model_5_sample7_model_aligned.pdb,C:\Users\Lenovo\Desktop\small_molecule_design\6_AutoDock_Vina\9IR\box_parameters\reference_ligands\buried_0_model_5_sample7_model_9IR_reference.pdb,C:\Users\Lenovo\Desktop\small_molecule_design\6_AutoDock_Vina\9IR\box_parameters\configs\buried_0_model_5_sample7_model.box.txt,pocket_pair_fit,14,0.1809,10,-3.785,3.227,1.46,20.0,success
buried_0_model_8_sample8_model,buried_0_model_8,C:\Users\Lenovo\Desktop\small_molecule_design\6_AutoDock_Vina\9IR\RFD3_cifs\buried_0_model_8.cif,C:\Users\Lenovo\Desktop\small_molecule_design\6_AutoDock_Vina\9IR\Aligned_Receptor_PDB\buried_0_model_8_sample8_model_aligned.pdb,C:\Users\Lenovo\Desktop\small_molecule_design\6_AutoDock_Vina\9IR\box_parameters\reference_ligands\buried_0_model_8_sample8_model_9IR_reference.pdb,C:\Users\Lenovo\Desktop\small_molecule_design\6_AutoDock_Vina\9IR\box_parameters\configs\buried_0_model_8_sample8_model.box.txt,pocket_pair_fit,16,0.3957,10,0.301,0.152,-3.346,20.0,success
buried_1_model_0_sample2_model,buried_1_model_0,C:\Users\Lenovo\Desktop\small_molecule_design\6_AutoDock_Vina\9IR\RFD3_cifs\buried_1_model_0.cif,C:\Users\Lenovo\Desktop\small_molecule_design\6_AutoDock_Vina\9IR\Aligned_Receptor_PDB\buried_1_model_0_sample2_model_aligned.pdb,C:\Users\Lenovo\Desktop\small_molecule_design\6_AutoDock_Vina\9IR\box_parameters\reference_ligands\buried_1_model_0_sample2_model_9IR_reference.pdb,C:\Users\Lenovo\Desktop\small_molecule_design\6_AutoDock_Vina\9IR\box_parameters\configs\buried_1_model_0_sample2_model.box.txt,pocket_pair_fit,16,0.6647,10,-0.095,2.029,-1.007,20.0,success
buried_1_model_3_sample1_model,buried_1_model_3,C:\Users\Lenovo\Desktop\small_molecule_design\6_AutoDock_Vina\9IR\RFD3_cifs\buried_1_model_3.cif,C:\Users\Lenovo\Desktop\small_molecule_design\6_AutoDock_Vina\9IR\Aligned_Receptor_PDB\buried_1_model_3_sample1_model_aligned.pdb,C:\Users\Lenovo\Desktop\small_molecule_design\6_AutoDock_Vina\9IR\box_parameters\reference_ligands\buried_1_model_3_sample1_model_9IR_reference.pdb,C:\Users\Lenovo\Desktop\small_molecule_design\6_AutoDock_Vina\9IR\box_parameters\configs\buried_1_model_3_sample1_model.box.txt,pocket_pair_fit,12,0.3235,10,2.649,-4.727,-7.122,20.0,success
buried_1_model_5_sample2_model,buried_1_model_5,C:\Users\Lenovo\Desktop\small_molecule_design\6_AutoDock_Vina\9IR\RFD3_cifs\buried_1_model_5.cif,C:\Users\Lenovo\Desktop\small_molecule_design\6_AutoDock_Vina\9IR\Aligned_Receptor_PDB\buried_1_model_5_sample2_model_aligned.pdb,C:\Users\Lenovo\Desktop\small_molecule_design\6_AutoDock_Vina\9IR\box_parameters\reference_ligands\buried_1_model_5_sample2_model_9IR_reference.pdb,C:\Users\Lenovo\Desktop\small_molecule_design\6_AutoDock_Vina\9IR\box_parameters\configs\buried_1_model_5_sample2_model.box.txt,pocket_pair_fit,11,0.4034,10,0.02,2.722,-1.11,20.0,success
buried_1_model_9_sample1_model,buried_1_model_9,C:\Users\Lenovo\Desktop\small_molecule_design\6_AutoDock_Vina\9IR\RFD3_cifs\buried_1_model_9.cif,C:\Users\Lenovo\Desktop\small_molecule_design\6_AutoDock_Vina\9IR\Aligned_Receptor_PDB\buried_1_model_9_sample1_model_aligned.pdb,C:\Users\Lenovo\Desktop\small_molecule_design\6_AutoDock_Vina\9IR\box_parameters\reference_ligands\buried_1_model_9_sample1_model_9IR_reference.pdb,C:\Users\Lenovo\Desktop\small_molecule_design\6_AutoDock_Vina\9IR\box_parameters\configs\buried_1_model_9_sample1_model.box.txt,pocket_pair_fit,16,0.4616,10,1.852,-1.136,-3.285,20.0,success
buried_2_model_2_sample8_model,buried_2_model_2,C:\Users\Lenovo\Desktop\small_molecule_design\6_AutoDock_Vina\9IR\RFD3_cifs\buried_2_model_2.cif,C:\Users\Lenovo\Desktop\small_molecule_design\6_AutoDock_Vina\9IR\Aligned_Receptor_PDB\buried_2_model_2_sample8_model_aligned.pdb,C:\Users\Lenovo\Desktop\small_molecule_design\6_AutoDock_Vina\9IR\box_parameters\reference_ligands\buried_2_model_2_sample8_model_9IR_reference.pdb,C:\Users\Lenovo\Desktop\small_molecule_design\6_AutoDock_Vina\9IR\box_parameters\configs\buried_2_model_2_sample8_model.box.txt,pocket_pair_fit,15,0.3185,10,2.077,0.513,2.133,20.0,success
buried_2_model_3_sample1_model,buried_2_model_3,C:\Users\Lenovo\Desktop\small_molecule_design\6_AutoDock_Vina\9IR\RFD3_cifs\buried_2_model_3.cif,C:\Users\Lenovo\Desktop\small_molecule_design\6_AutoDock_Vina\9IR\Aligned_Receptor_PDB\buried_2_model_3_sample1_model_aligned.pdb,C:\Users\Lenovo\Desktop\small_molecule_design\6_AutoDock_Vina\9IR\box_parameters\reference_ligands\buried_2_model_3_sample1_model_9IR_reference.pdb,C:\Users\Lenovo\Desktop\small_molecule_design\6_AutoDock_Vina\9IR\box_parameters\configs\buried_2_model_3_sample1_model.box.txt,pocket_pair_fit,16,0.3666,10,4.351,-3.898,-3.449,20.0,success
buried_2_model_4_sample8_model,buried_2_model_4,C:\Users\Lenovo\Desktop\small_molecule_design\6_AutoDock_Vina\9IR\RFD3_cifs\buried_2_model_4.cif,C:\Users\Lenovo\Desktop\small_molecule_design\6_AutoDock_Vina\9IR\Aligned_Receptor_PDB\buried_2_model_4_sample8_model_aligned.pdb,C:\Users\Lenovo\Desktop\small_molecule_design\6_AutoDock_Vina\9IR\box_parameters\reference_ligands\buried_2_model_4_sample8_model_9IR_reference.pdb,C:\Users\Lenovo\Desktop\small_molecule_design\6_AutoDock_Vina\9IR\box_parameters\configs\buried_2_model_4_sample8_model.box.txt,pocket_pair_fit,13,0.312,10,4.941,3.59,-9.513,20.0,success
buried_2_model_5_sample6_model,buried_2_model_5,C:\Users\Lenovo\Desktop\small_molecule_design\6_AutoDock_Vina\9IR\RFD3_cifs\buried_2_model_5.cif,C:\Users\Lenovo\Desktop\small_molecule_design\6_AutoDock_Vina\9IR\Aligned_Receptor_PDB\buried_2_model_5_sample6_model_aligned.pdb,C:\Users\Lenovo\Desktop\small_molecule_design\6_AutoDock_Vina\9IR\box_parameters\reference_ligands\buried_2_model_5_sample6_model_9IR_reference.pdb,C:\Users\Lenovo\Desktop\small_molecule_design\6_AutoDock_Vina\9IR\box_parameters\configs\buried_2_model_5_sample6_model.box.txt,pocket_pair_fit,14,0.449,10,-1.125,-0.573,-2.683,20.0,success
buried_2_model_7_sample5_model,buried_2_model_7,C:\Users\Lenovo\Desktop\small_molecule_design\6_AutoDock_Vina\9IR\RFD3_cifs\buried_2_model_7.cif,C:\Users\Lenovo\Desktop\small_molecule_design\6_AutoDock_Vina\9IR\Aligned_Receptor_PDB\buried_2_model_7_sample5_model_aligned.pdb,C:\Users\Lenovo\Desktop\small_molecule_design\6_AutoDock_Vina\9IR\box_parameters\reference_ligands\buried_2_model_7_sample5_model_9IR_reference.pdb,C:\Users\Lenovo\Desktop\small_molecule_design\6_AutoDock_Vina\9IR\box_parameters\configs\buried_2_model_7_sample5_model.box.txt,pocket_pair_fit,14,0.3836,10,1.155,1.748,-3.568,20.0,success
buried_2_model_8_sample7_model,buried_2_model_8,C:\Users\Lenovo\Desktop\small_molecule_design\6_AutoDock_Vina\9IR\RFD3_cifs\buried_2_model_8.cif,C:\Users\Lenovo\Desktop\small_molecule_design\6_AutoDock_Vina\9IR\Aligned_Receptor_PDB\buried_2_model_8_sample7_model_aligned.pdb,C:\Users\Lenovo\Desktop\small_molecule_design\6_AutoDock_Vina\9IR\box_parameters\reference_ligands\buried_2_model_8_sample7_model_9IR_reference.pdb,C:\Users\Lenovo\Desktop\small_molecule_design\6_AutoDock_Vina\9IR\box_parameters\configs\buried_2_model_8_sample7_model.box.txt,pocket_pair_fit,13,0.2406,10,-9.989,-0.522,-3.036,20.0,success
buried_3_model_1_sample8_model,buried_3_model_1,C:\Users\Lenovo\Desktop\small_molecule_design\6_AutoDock_Vina\9IR\RFD3_cifs\buried_3_model_1.cif,C:\Users\Lenovo\Desktop\small_molecule_design\6_AutoDock_Vina\9IR\Aligned_Receptor_PDB\buried_3_model_1_sample8_model_aligned.pdb,C:\Users\Lenovo\Desktop\small_molecule_design\6_AutoDock_Vina\9IR\box_parameters\reference_ligands\buried_3_model_1_sample8_model_9IR_reference.pdb,C:\Users\Lenovo\Desktop\small_molecule_design\6_AutoDock_Vina\9IR\box_parameters\configs\buried_3_model_1_sample8_model.box.txt,pocket_pair_fit,14,0.3144,10,1.567,-1.86,1.91,20.0,success
buried_3_model_3_sample7_model,buried_3_model_3,C:\Users\Lenovo\Desktop\small_molecule_design\6_AutoDock_Vina\9IR\RFD3_cifs\buried_3_model_3.cif,C:\Users\Lenovo\Desktop\small_molecule_design\6_AutoDock_Vina\9IR\Aligned_Receptor_PDB\buried_3_model_3_sample7_model_aligned.pdb,C:\Users\Lenovo\Desktop\small_molecule_design\6_AutoDock_Vina\9IR\box_parameters\reference_ligands\buried_3_model_3_sample7_model_9IR_reference.pdb,C:\Users\Lenovo\Desktop\small_molecule_design\6_AutoDock_Vina\9IR\box_parameters\configs\buried_3_model_3_sample7_model.box.txt,pocket_pair_fit,15,0.4347,10,0.961,2.176,1.674,20.0,success
buried_3_model_5_sample6_model,buried_3_model_5,C:\Users\Lenovo\Desktop\small_molecule_design\6_AutoDock_Vina\9IR\RFD3_cifs\buried_3_model_5.cif,C:\Users\Lenovo\Desktop\small_molecule_design\6_AutoDock_Vina\9IR\Aligned_Receptor_PDB\buried_3_model_5_sample6_model_aligned.pdb,C:\Users\Lenovo\Desktop\small_molecule_design\6_AutoDock_Vina\9IR\box_parameters\reference_ligands\buried_3_model_5_sample6_model_9IR_reference.pdb,C:\Users\Lenovo\Desktop\small_molecule_design\6_AutoDock_Vina\9IR\box_parameters\configs\buried_3_model_5_sample6_model.box.txt,pocket_pair_fit,13,0.9982,10,0.783,1.282,0.437,20.0,success
buried_3_model_8_sample6_model,buried_3_model_8,C:\Users\Lenovo\Desktop\small_molecule_design\6_AutoDock_Vina\9IR\RFD3_cifs\buried_3_model_8.cif,C:\Users\Lenovo\Desktop\small_molecule_design\6_AutoDock_Vina\9IR\Aligned_Receptor_PDB\buried_3_model_8_sample6_model_aligned.pdb,C:\Users\Lenovo\Desktop\small_molecule_design\6_AutoDock_Vina\9IR\box_parameters\reference_ligands\buried_3_model_8_sample6_model_9IR_reference.pdb,C:\Users\Lenovo\Desktop\small_molecule_design\6_AutoDock_Vina\9IR\box_parameters\configs\buried_3_model_8_sample6_model.box.txt,pocket_pair_fit,13,1.377,10,8.327,3.075,2.607,20.0,success
buried_4_model_0_sample7_model,buried_4_model_0,C:\Users\Lenovo\Desktop\small_molecule_design\6_AutoDock_Vina\9IR\RFD3_cifs\buried_4_model_0.cif,C:\Users\Lenovo\Desktop\small_molecule_design\6_AutoDock_Vina\9IR\Aligned_Receptor_PDB\buried_4_model_0_sample7_model_aligned.pdb,C:\Users\Lenovo\Desktop\small_molecule_design\6_AutoDock_Vina\9IR\box_parameters\reference_ligands\buried_4_model_0_sample7_model_9IR_reference.pdb,C:\Users\Lenovo\Desktop\small_molecule_design\6_AutoDock_Vina\9IR\box_parameters\configs\buried_4_model_0_sample7_model.box.txt,pocket_pair_fit,12,1.1407,10,-7.103,-6.416,0.958,20.0,success
buried_4_model_3_sample10_model,buried_4_model_3,C:\Users\Lenovo\Desktop\small_molecule_design\6_AutoDock_Vina\9IR\RFD3_cifs\buried_4_model_3.cif,C:\Users\Lenovo\Desktop\small_molecule_design\6_AutoDock_Vina\9IR\Aligned_Receptor_PDB\buried_4_model_3_sample10_model_aligned.pdb,C:\Users\Lenovo\Desktop\small_molecule_design\6_AutoDock_Vina\9IR\box_parameters\reference_ligands\buried_4_model_3_sample10_model_9IR_reference.pdb,C:\Users\Lenovo\Desktop\small_molecule_design\6_AutoDock_Vina\9IR\box_parameters\configs\buried_4_model_3_sample10_model.box.txt,pocket_pair_fit,13,0.7774,10,4.318,2.077,3.259,20.0,success
buried_4_model_5_sample5_model,buried_4_model_5,C:\Users\Lenovo\Desktop\small_molecule_design\6_AutoDock_Vina\9IR\RFD3_cifs\buried_4_model_5.cif,C:\Users\Lenovo\Desktop\small_molecule_design\6_AutoDock_Vina\9IR\Aligned_Receptor_PDB\buried_4_model_5_sample5_model_aligned.pdb,C:\Users\Lenovo\Desktop\small_molecule_design\6_AutoDock_Vina\9IR\box_parameters\reference_ligands\buried_4_model_5_sample5_model_9IR_reference.pdb,C:\Users\Lenovo\Desktop\small_molecule_design\6_AutoDock_Vina\9IR\box_parameters\configs\buried_4_model_5_sample5_model.box.txt,pocket_pair_fit,15,0.3004,10,-2.195,2.713,2.532,20.0,success
buried_4_model_6_sample2_model,buried_4_model_6,C:\Users\Lenovo\Desktop\small_molecule_design\6_AutoDock_Vina\9IR\RFD3_cifs\buried_4_model_6.cif,C:\Users\Lenovo\Desktop\small_molecule_design\6_AutoDock_Vina\9IR\Aligned_Receptor_PDB\buried_4_model_6_sample2_model_aligned.pdb,C:\Users\Lenovo\Desktop\small_molecule_design\6_AutoDock_Vina\9IR\box_parameters\reference_ligands\buried_4_model_6_sample2_model_9IR_reference.pdb,C:\Users\Lenovo\Desktop\small_molecule_design\6_AutoDock_Vina\9IR\box_parameters\configs\buried_4_model_6_sample2_model.box.txt,pocket_pair_fit,15,0.2073,10,-0.287,-1.131,-1.105,20.0,success
buried_4_model_7_sample10_model,buried_4_model_7,C:\Users\Lenovo\Desktop\small_molecule_design\6_AutoDock_Vina\9IR\RFD3_cifs\buried_4_model_7.cif,C:\Users\Lenovo\Desktop\small_molecule_design\6_AutoDock_Vina\9IR\Aligned_Receptor_PDB\buried_4_model_7_sample10_model_aligned.pdb,C:\Users\Lenovo\Desktop\small_molecule_design\6_AutoDock_Vina\9IR\box_parameters\reference_ligands\buried_4_model_7_sample10_model_9IR_reference.pdb,C:\Users\Lenovo\Desktop\small_molecule_design\6_AutoDock_Vina\9IR\box_parameters\configs\buried_4_model_7_sample10_model.box.txt,pocket_pair_fit,17,0.521,10,-1.225,-2.228,1.956,20.0,success
buried_4_model_8_sample1_model,buried_4_model_8,C:\Users\Lenovo\Desktop\small_molecule_design\6_AutoDock_Vina\9IR\RFD3_cifs\buried_4_model_8.cif,C:\Users\Lenovo\Desktop\small_molecule_design\6_AutoDock_Vina\9IR\Aligned_Receptor_PDB\buried_4_model_8_sample1_model_aligned.pdb,C:\Users\Lenovo\Desktop\small_molecule_design\6_AutoDock_Vina\9IR\box_parameters\reference_ligands\buried_4_model_8_sample1_model_9IR_reference.pdb,C:\Users\Lenovo\Desktop\small_molecule_design\6_AutoDock_Vina\9IR\box_parameters\configs\buried_4_model_8_sample1_model.box.txt,pocket_pair_fit,11,0.3846,10,6.064,-5.925,0.921,20.0,success
buried_5_model_0_sample7_model,buried_5_model_0,C:\Users\Lenovo\Desktop\small_molecule_design\6_AutoDock_Vina\9IR\RFD3_cifs\buried_5_model_0.cif,C:\Users\Lenovo\Desktop\small_molecule_design\6_AutoDock_Vina\9IR\Aligned_Receptor_PDB\buried_5_model_0_sample7_model_aligned.pdb,C:\Users\Lenovo\Desktop\small_molecule_design\6_AutoDock_Vina\9IR\box_parameters\reference_ligands\buried_5_model_0_sample7_model_9IR_reference.pdb,C:\Users\Lenovo\Desktop\small_molecule_design\6_AutoDock_Vina\9IR\box_parameters\configs\buried_5_model_0_sample7_model.box.txt,pocket_pair_fit,16,2.182,10,2.261,1.375,3.677,20.0,success
buried_5_model_1_sample2_model,buried_5_model_1,C:\Users\Lenovo\Desktop\small_molecule_design\6_AutoDock_Vina\9IR\RFD3_cifs\buried_5_model_1.cif,C:\Users\Lenovo\Desktop\small_molecule_design\6_AutoDock_Vina\9IR\Aligned_Receptor_PDB\buried_5_model_1_sample2_model_aligned.pdb,C:\Users\Lenovo\Desktop\small_molecule_design\6_AutoDock_Vina\9IR\box_parameters\reference_ligands\buried_5_model_1_sample2_model_9IR_reference.pdb,C:\Users\Lenovo\Desktop\small_molecule_design\6_AutoDock_Vina\9IR\box_parameters\configs\buried_5_model_1_sample2_model.box.txt,pocket_pair_fit,13,0.3954,10,0.052,3.029,-4.845,20.0,success
buried_5_model_2_sample6_model,buried_5_model_2,C:\Users\Lenovo\Desktop\small_molecule_design\6_AutoDock_Vina\9IR\RFD3_cifs\buried_5_model_2.cif,C:\Users\Lenovo\Desktop\small_molecule_design\6_AutoDock_Vina\9IR\Aligned_Receptor_PDB\buried_5_model_2_sample6_model_aligned.pdb,C:\Users\Lenovo\Desktop\small_molecule_design\6_AutoDock_Vina\9IR\box_parameters\reference_ligands\buried_5_model_2_sample6_model_9IR_reference.pdb,C:\Users\Lenovo\Desktop\small_molecule_design\6_AutoDock_Vina\9IR\box_parameters\configs\buried_5_model_2_sample6_model.box.txt,pocket_pair_fit,14,0.2285,10,4.454,0.84,-1.772,20.0,success
buried_5_model_3_sample4_model,buried_5_model_3,C:\Users\Lenovo\Desktop\small_molecule_design\6_AutoDock_Vina\9IR\RFD3_cifs\buried_5_model_3.cif,C:\Users\Lenovo\Desktop\small_molecule_design\6_AutoDock_Vina\9IR\Aligned_Receptor_PDB\buried_5_model_3_sample4_model_aligned.pdb,C:\Users\Lenovo\Desktop\small_molecule_design\6_AutoDock_Vina\9IR\box_parameters\reference_ligands\buried_5_model_3_sample4_model_9IR_reference.pdb,C:\Users\Lenovo\Desktop\small_molecule_design\6_AutoDock_Vina\9IR\box_parameters\configs\buried_5_model_3_sample4_model.box.txt,pocket_pair_fit,13,0.3118,10,6.111,-4.521,-3.437,20.0,success
buried_5_model_4_sample4_model,buried_5_model_4,C:\Users\Lenovo\Desktop\small_molecule_design\6_AutoDock_Vina\9IR\RFD3_cifs\buried_5_model_4.cif,C:\Users\Lenovo\Desktop\small_molecule_design\6_AutoDock_Vina\9IR\Aligned_Receptor_PDB\buried_5_model_4_sample4_model_aligned.pdb,C:\Users\Lenovo\Desktop\small_molecule_design\6_AutoDock_Vina\9IR\box_parameters\reference_ligands\buried_5_model_4_sample4_model_9IR_reference.pdb,C:\Users\Lenovo\Desktop\small_molecule_design\6_AutoDock_Vina\9IR\box_parameters\configs\buried_5_model_4_sample4_model.box.txt,pocket_pair_fit,12,0.4136,10,5.91,-1.388,-2.444,20.0,success
buried_5_model_5_sample5_model,buried_5_model_5,C:\Users\Lenovo\Desktop\small_molecule_design\6_AutoDock_Vina\9IR\RFD3_cifs\buried_5_model_5.cif,C:\Users\Lenovo\Desktop\small_molecule_design\6_AutoDock_Vina\9IR\Aligned_Receptor_PDB\buried_5_model_5_sample5_model_aligned.pdb,C:\Users\Lenovo\Desktop\small_molecule_design\6_AutoDock_Vina\9IR\box_parameters\reference_ligands\buried_5_model_5_sample5_model_9IR_reference.pdb,C:\Users\Lenovo\Desktop\small_molecule_design\6_AutoDock_Vina\9IR\box_parameters\configs\buried_5_model_5_sample5_model.box.txt,pocket_pair_fit,14,0.2927,10,-0.669,-1.885,-3.976,20.0,success
buried_5_model_7_sample8_model,buried_5_model_7,C:\Users\Lenovo\Desktop\small_molecule_design\6_AutoDock_Vina\9IR\RFD3_cifs\buried_5_model_7.cif,C:\Users\Lenovo\Desktop\small_molecule_design\6_AutoDock_Vina\9IR\Aligned_Receptor_PDB\buried_5_model_7_sample8_model_aligned.pdb,C:\Users\Lenovo\Desktop\small_molecule_design\6_AutoDock_Vina\9IR\box_parameters\reference_ligands\buried_5_model_7_sample8_model_9IR_reference.pdb,C:\Users\Lenovo\Desktop\small_molecule_design\6_AutoDock_Vina\9IR\box_parameters\configs\buried_5_model_7_sample8_model.box.txt,pocket_pair_fit,8,0.3537,10,-5.241,-3.171,12.011,20.0,success
buried_6_model_1_sample4_model,buried_6_model_1,C:\Users\Lenovo\Desktop\small_molecule_design\6_AutoDock_Vina\9IR\RFD3_cifs\buried_6_model_1.cif,C:\Users\Lenovo\Desktop\small_molecule_design\6_AutoDock_Vina\9IR\Aligned_Receptor_PDB\buried_6_model_1_sample4_model_aligned.pdb,C:\Users\Lenovo\Desktop\small_molecule_design\6_AutoDock_Vina\9IR\box_parameters\reference_ligands\buried_6_model_1_sample4_model_9IR_reference.pdb,C:\Users\Lenovo\Desktop\small_molecule_design\6_AutoDock_Vina\9IR\box_parameters\configs\buried_6_model_1_sample4_model.box.txt,pocket_pair_fit,12,0.5388,10,-3.048,-0.166,-5.32,20.0,success
buried_6_model_3_sample9_model,buried_6_model_3,C:\Users\Lenovo\Desktop\small_molecule_design\6_AutoDock_Vina\9IR\RFD3_cifs\buried_6_model_3.cif,C:\Users\Lenovo\Desktop\small_molecule_design\6_AutoDock_Vina\9IR\Aligned_Receptor_PDB\buried_6_model_3_sample9_model_aligned.pdb,C:\Users\Lenovo\Desktop\small_molecule_design\6_AutoDock_Vina\9IR\box_parameters\reference_ligands\buried_6_model_3_sample9_model_9IR_reference.pdb,C:\Users\Lenovo\Desktop\small_molecule_design\6_AutoDock_Vina\9IR\box_parameters\configs\buried_6_model_3_sample9_model.box.txt,pocket_pair_fit,11,0.6797,10,-1.651,-2.531,-2.106,20.0,success
buried_6_model_4_sample7_model,buried_6_model_4,C:\Users\Lenovo\Desktop\small_molecule_design\6_AutoDock_Vina\9IR\RFD3_cifs\buried_6_model_4.cif,C:\Users\Lenovo\Desktop\small_molecule_design\6_AutoDock_Vina\9IR\Aligned_Receptor_PDB\buried_6_model_4_sample7_model_aligned.pdb,C:\Users\Lenovo\Desktop\small_molecule_design\6_AutoDock_Vina\9IR\box_parameters\reference_ligands\buried_6_model_4_sample7_model_9IR_reference.pdb,C:\Users\Lenovo\Desktop\small_molecule_design\6_AutoDock_Vina\9IR\box_parameters\configs\buried_6_model_4_sample7_model.box.txt,pocket_pair_fit,11,0.6953,10,9.652,3.06,1.066,20.0,success
buried_6_model_9_sample8_model,buried_6_model_9,C:\Users\Lenovo\Desktop\small_molecule_design\6_AutoDock_Vina\9IR\RFD3_cifs\buried_6_model_9.cif,C:\Users\Lenovo\Desktop\small_molecule_design\6_AutoDock_Vina\9IR\Aligned_Receptor_PDB\buried_6_model_9_sample8_model_aligned.pdb,C:\Users\Lenovo\Desktop\small_molecule_design\6_AutoDock_Vina\9IR\box_parameters\reference_ligands\buried_6_model_9_sample8_model_9IR_reference.pdb,C:\Users\Lenovo\Desktop\small_molecule_design\6_AutoDock_Vina\9IR\box_parameters\configs\buried_6_model_9_sample8_model.box.txt,pocket_pair_fit,13,0.9666,10,2.356,-1.173,-2.986,20.0,success
buried_7_model_2_sample1_model,buried_7_model_2,C:\Users\Lenovo\Desktop\small_molecule_design\6_AutoDock_Vina\9IR\RFD3_cifs\buried_7_model_2.cif,C:\Users\Lenovo\Desktop\small_molecule_design\6_AutoDock_Vina\9IR\Aligned_Receptor_PDB\buried_7_model_2_sample1_model_aligned.pdb,C:\Users\Lenovo\Desktop\small_molecule_design\6_AutoDock_Vina\9IR\box_parameters\reference_ligands\buried_7_model_2_sample1_model_9IR_reference.pdb,C:\Users\Lenovo\Desktop\small_molecule_design\6_AutoDock_Vina\9IR\box_parameters\configs\buried_7_model_2_sample1_model.box.txt,pocket_pair_fit,12,0.3675,10,2.927,2.943,-9.656,20.0,success
buried_7_model_3_sample2_model,buried_7_model_3,C:\Users\Lenovo\Desktop\small_molecule_design\6_AutoDock_Vina\9IR\RFD3_cifs\buried_7_model_3.cif,C:\Users\Lenovo\Desktop\small_molecule_design\6_AutoDock_Vina\9IR\Aligned_Receptor_PDB\buried_7_model_3_sample2_model_aligned.pdb,C:\Users\Lenovo\Desktop\small_molecule_design\6_AutoDock_Vina\9IR\box_parameters\reference_ligands\buried_7_model_3_sample2_model_9IR_reference.pdb,C:\Users\Lenovo\Desktop\small_molecule_design\6_AutoDock_Vina\9IR\box_parameters\configs\buried_7_model_3_sample2_model.box.txt,pocket_pair_fit,14,0.7726,10,1.239,-4.587,-0.563,20.0,success
buried_7_model_4_sample6_model,buried_7_model_4,C:\Users\Lenovo\Desktop\small_molecule_design\6_AutoDock_Vina\9IR\RFD3_cifs\buried_7_model_4.cif,C:\Users\Lenovo\Desktop\small_molecule_design\6_AutoDock_Vina\9IR\Aligned_Receptor_PDB\buried_7_model_4_sample6_model_aligned.pdb,C:\Users\Lenovo\Desktop\small_molecule_design\6_AutoDock_Vina\9IR\box_parameters\reference_ligands\buried_7_model_4_sample6_model_9IR_reference.pdb,C:\Users\Lenovo\Desktop\small_molecule_design\6_AutoDock_Vina\9IR\box_parameters\configs\buried_7_model_4_sample6_model.box.txt,pocket_pair_fit,12,0.4838,10,-5.228,-1.42,-1.873,20.0,success
buried_7_model_5_sample9_model,buried_7_model_5,C:\Users\Lenovo\Desktop\small_molecule_design\6_AutoDock_Vina\9IR\RFD3_cifs\buried_7_model_5.cif,C:\Users\Lenovo\Desktop\small_molecule_design\6_AutoDock_Vina\9IR\Aligned_Receptor_PDB\buried_7_model_5_sample9_model_aligned.pdb,C:\Users\Lenovo\Desktop\small_molecule_design\6_AutoDock_Vina\9IR\box_parameters\reference_ligands\buried_7_model_5_sample9_model_9IR_reference.pdb,C:\Users\Lenovo\Desktop\small_molecule_design\6_AutoDock_Vina\9IR\box_parameters\configs\buried_7_model_5_sample9_model.box.txt,pocket_pair_fit,14,0.3839,10,4.394,3.904,-2.729,20.0,success
buried_7_model_6_sample4_model,buried_7_model_6,C:\Users\Lenovo\Desktop\small_molecule_design\6_AutoDock_Vina\9IR\RFD3_cifs\buried_7_model_6.cif,C:\Users\Lenovo\Desktop\small_molecule_design\6_AutoDock_Vina\9IR\Aligned_Receptor_PDB\buried_7_model_6_sample4_model_aligned.pdb,C:\Users\Lenovo\Desktop\small_molecule_design\6_AutoDock_Vina\9IR\box_parameters\reference_ligands\buried_7_model_6_sample4_model_9IR_reference.pdb,C:\Users\Lenovo\Desktop\small_molecule_design\6_AutoDock_Vina\9IR\box_parameters\configs\buried_7_model_6_sample4_model.box.txt,pocket_pair_fit,13,0.3602,10,0.734,-6.602,-4.898,20.0,success
buried_7_model_7_sample10_model,buried_7_model_7,C:\Users\Lenovo\Desktop\small_molecule_design\6_AutoDock_Vina\9IR\RFD3_cifs\buried_7_model_7.cif,C:\Users\Lenovo\Desktop\small_molecule_design\6_AutoDock_Vina\9IR\Aligned_Receptor_PDB\buried_7_model_7_sample10_model_aligned.pdb,C:\Users\Lenovo\Desktop\small_molecule_design\6_AutoDock_Vina\9IR\box_parameters\reference_ligands\buried_7_model_7_sample10_model_9IR_reference.pdb,C:\Users\Lenovo\Desktop\small_molecule_design\6_AutoDock_Vina\9IR\box_parameters\configs\buried_7_model_7_sample10_model.box.txt,pocket_pair_fit,14,0.3983,10,-0.186,2.386,-0.639,20.0,success
buried_8_model_2_sample8_model,buried_8_model_2,C:\Users\Lenovo\Desktop\small_molecule_design\6_AutoDock_Vina\9IR\RFD3_cifs\buried_8_model_2.cif,C:\Users\Lenovo\Desktop\small_molecule_design\6_AutoDock_Vina\9IR\Aligned_Receptor_PDB\buried_8_model_2_sample8_model_aligned.pdb,C:\Users\Lenovo\Desktop\small_molecule_design\6_AutoDock_Vina\9IR\box_parameters\reference_ligands\buried_8_model_2_sample8_model_9IR_reference.pdb,C:\Users\Lenovo\Desktop\small_molecule_design\6_AutoDock_Vina\9IR\box_parameters\configs\buried_8_model_2_sample8_model.box.txt,pocket_pair_fit,14,0.5218,10,0.377,-1.841,-7.331,20.0,success
buried_8_model_3_sample2_model,buried_8_model_3,C:\Users\Lenovo\Desktop\small_molecule_design\6_AutoDock_Vina\9IR\RFD3_cifs\buried_8_model_3.cif,C:\Users\Lenovo\Desktop\small_molecule_design\6_AutoDock_Vina\9IR\Aligned_Receptor_PDB\buried_8_model_3_sample2_model_aligned.pdb,C:\Users\Lenovo\Desktop\small_molecule_design\6_AutoDock_Vina\9IR\box_parameters\reference_ligands\buried_8_model_3_sample2_model_9IR_reference.pdb,C:\Users\Lenovo\Desktop\small_molecule_design\6_AutoDock_Vina\9IR\box_parameters\configs\buried_8_model_3_sample2_model.box.txt,pocket_pair_fit,15,0.427,10,1.223,1.021,1.515,20.0,success
buried_8_model_4_sample3_model,buried_8_model_4,C:\Users\Lenovo\Desktop\small_molecule_design\6_AutoDock_Vina\9IR\RFD3_cifs\buried_8_model_4.cif,C:\Users\Lenovo\Desktop\small_molecule_design\6_AutoDock_Vina\9IR\Aligned_Receptor_PDB\buried_8_model_4_sample3_model_aligned.pdb,C:\Users\Lenovo\Desktop\small_molecule_design\6_AutoDock_Vina\9IR\box_parameters\reference_ligands\buried_8_model_4_sample3_model_9IR_reference.pdb,C:\Users\Lenovo\Desktop\small_molecule_design\6_AutoDock_Vina\9IR\box_parameters\configs\buried_8_model_4_sample3_model.box.txt,pocket_pair_fit,15,0.5925,10,3.239,-2.131,-0.607,20.0,success
buried_8_model_6_sample5_model,buried_8_model_6,C:\Users\Lenovo\Desktop\small_molecule_design\6_AutoDock_Vina\9IR\RFD3_cifs\buried_8_model_6.cif,C:\Users\Lenovo\Desktop\small_molecule_design\6_AutoDock_Vina\9IR\Aligned_Receptor_PDB\buried_8_model_6_sample5_model_aligned.pdb,C:\Users\Lenovo\Desktop\small_molecule_design\6_AutoDock_Vina\9IR\box_parameters\reference_ligands\buried_8_model_6_sample5_model_9IR_reference.pdb,C:\Users\Lenovo\Desktop\small_molecule_design\6_AutoDock_Vina\9IR\box_parameters\configs\buried_8_model_6_sample5_model.box.txt,pocket_pair_fit,15,0.611,10,1.146,-0.582,0.402,20.0,success
buried_8_model_7_sample9_model,buried_8_model_7,C:\Users\Lenovo\Desktop\small_molecule_design\6_AutoDock_Vina\9IR\RFD3_cifs\buried_8_model_7.cif,C:\Users\Lenovo\Desktop\small_molecule_design\6_AutoDock_Vina\9IR\Aligned_Receptor_PDB\buried_8_model_7_sample9_model_aligned.pdb,C:\Users\Lenovo\Desktop\small_molecule_design\6_AutoDock_Vina\9IR\box_parameters\reference_ligands\buried_8_model_7_sample9_model_9IR_reference.pdb,C:\Users\Lenovo\Desktop\small_molecule_design\6_AutoDock_Vina\9IR\box_parameters\configs\buried_8_model_7_sample9_model.box.txt,pocket_pair_fit,15,0.3787,10,2.619,1.15,1.83,20.0,success
buried_8_model_9_sample2_model,buried_8_model_9,C:\Users\Lenovo\Desktop\small_molecule_design\6_AutoDock_Vina\9IR\RFD3_cifs\buried_8_model_9.cif,C:\Users\Lenovo\Desktop\small_molecule_design\6_AutoDock_Vina\9IR\Aligned_Receptor_PDB\buried_8_model_9_sample2_model_aligned.pdb,C:\Users\Lenovo\Desktop\small_molecule_design\6_AutoDock_Vina\9IR\box_parameters\reference_ligands\buried_8_model_9_sample2_model_9IR_reference.pdb,C:\Users\Lenovo\Desktop\small_molecule_design\6_AutoDock_Vina\9IR\box_parameters\configs\buried_8_model_9_sample2_model.box.txt,pocket_pair_fit,16,0.3117,10,0.845,1.608,4.222,20.0,success
buried_9_model_0_sample5_model,buried_9_model_0,C:\Users\Lenovo\Desktop\small_molecule_design\6_AutoDock_Vina\9IR\RFD3_cifs\buried_9_model_0.cif,C:\Users\Lenovo\Desktop\small_molecule_design\6_AutoDock_Vina\9IR\Aligned_Receptor_PDB\buried_9_model_0_sample5_model_aligned.pdb,C:\Users\Lenovo\Desktop\small_molecule_design\6_AutoDock_Vina\9IR\box_parameters\reference_ligands\buried_9_model_0_sample5_model_9IR_reference.pdb,C:\Users\Lenovo\Desktop\small_molecule_design\6_AutoDock_Vina\9IR\box_parameters\configs\buried_9_model_0_sample5_model.box.txt,pocket_pair_fit,13,0.5456,10,0.012,-7.233,0.027,20.0,success
buried_9_model_3_sample2_model,buried_9_model_3,C:\Users\Lenovo\Desktop\small_molecule_design\6_AutoDock_Vina\9IR\RFD3_cifs\buried_9_model_3.cif,C:\Users\Lenovo\Desktop\small_molecule_design\6_AutoDock_Vina\9IR\Aligned_Receptor_PDB\buried_9_model_3_sample2_model_aligned.pdb,C:\Users\Lenovo\Desktop\small_molecule_design\6_AutoDock_Vina\9IR\box_parameters\reference_ligands\buried_9_model_3_sample2_model_9IR_reference.pdb,C:\Users\Lenovo\Desktop\small_molecule_design\6_AutoDock_Vina\9IR\box_parameters\configs\buried_9_model_3_sample2_model.box.txt,pocket_pair_fit,13,0.4061,10,5.393,-4.973,3.613,20.0,success
buried_9_model_4_sample7_model,buried_9_model_4,C:\Users\Lenovo\Desktop\small_molecule_design\6_AutoDock_Vina\9IR\RFD3_cifs\buried_9_model_4.cif,C:\Users\Lenovo\Desktop\small_molecule_design\6_AutoDock_Vina\9IR\Aligned_Receptor_PDB\buried_9_model_4_sample7_model_aligned.pdb,C:\Users\Lenovo\Desktop\small_molecule_design\6_AutoDock_Vina\9IR\box_parameters\reference_ligands\buried_9_model_4_sample7_model_9IR_reference.pdb,C:\Users\Lenovo\Desktop\small_molecule_design\6_AutoDock_Vina\9IR\box_parameters\configs\buried_9_model_4_sample7_model.box.txt,pocket_pair_fit,14,0.3909,10,-2.406,-0.646,1.028,20.0,success
buried_9_model_6_sample6_model,buried_9_model_6,C:\Users\Lenovo\Desktop\small_molecule_design\6_AutoDock_Vina\9IR\RFD3_cifs\buried_9_model_6.cif,C:\Users\Lenovo\Desktop\small_molecule_design\6_AutoDock_Vina\9IR\Aligned_Receptor_PDB\buried_9_model_6_sample6_model_aligned.pdb,C:\Users\Lenovo\Desktop\small_molecule_design\6_AutoDock_Vina\9IR\box_parameters\reference_ligands\buried_9_model_6_sample6_model_9IR_reference.pdb,C:\Users\Lenovo\Desktop\small_molecule_design\6_AutoDock_Vina\9IR\box_parameters\configs\buried_9_model_6_sample6_model.box.txt,pocket_pair_fit,14,0.4535,10,0.501,-3.877,2.385,20.0,success
buried_9_model_9_sample7_model,buried_9_model_9,C:\Users\Lenovo\Desktop\small_molecule_design\6_AutoDock_Vina\9IR\RFD3_cifs\buried_9_model_9.cif,C:\Users\Lenovo\Desktop\small_molecule_design\6_AutoDock_Vina\9IR\Aligned_Receptor_PDB\buried_9_model_9_sample7_model_aligned.pdb,C:\Users\Lenovo\Desktop\small_molecule_design\6_AutoDock_Vina\9IR\box_parameters\reference_ligands\buried_9_model_9_sample7_model_9IR_reference.pdb,C:\Users\Lenovo\Desktop\small_molecule_design\6_AutoDock_Vina\9IR\box_parameters\configs\buried_9_model_9_sample7_model.box.txt,pocket_pair_fit,15,0.3439,10,-0.588,7.571,-7.342,20.0,success
