receptor_id,analysis_status,vina_affinity_kcal_mol,topology_aware_in_place_rmsd_A,centroid_shift_A,contact_recovery_percent,new_contact_percent_of_docked,contact_jaccard,pocket_alignment_rmsd_A,pocket_alignment_risk,redocking_validation_tier,md_selection_bucket,reference_contact_residues,docked_contact_residues,recovered_contact_residues,new_contact_residues,error
buried_0_model_0_sample1_model,analysis_failed,,,,,,,,,,,,,,,Reference topology mismatch: C=C(C)C1CC=C(C)CC1 != C=C(C)[C@H]1CC=C(C)CC1
buried_0_model_2_sample4_model,analysis_failed,,,,,,,,,,,,,,,Reference topology mismatch: C=C(C)C1CC=C(C)CC1 != C=C(C)[C@H]1CC=C(C)CC1
buried_0_model_5_sample7_model,analysis_failed,,,,,,,,,,,,,,,Reference topology mismatch: C=C(C)C1CC=C(C)CC1 != C=C(C)[C@H]1CC=C(C)CC1
buried_0_model_8_sample8_model,analysis_failed,,,,,,,,,,,,,,,Reference topology mismatch: C=C(C)C1CC=C(C)CC1 != C=C(C)[C@H]1CC=C(C)CC1
buried_1_model_0_sample2_model,success,-5.956,4.4046,0.8767,83.3333,33.3333,0.5882,0.6647,Acceptable_pocket_alignment,Tier_C_low_priority_pose,Not_priority_for_initial_MD,A:50:VAL;A:52:VAL;A:60:VAL;A:63:GLY;A:64:ARG;A:65:LEU;A:75:ALA;A:76:ALA;A:82:SER;A:83:THR;A:84:ALA;A:97:ILE,A:50:VAL;A:52:VAL;A:60:VAL;A:62:SER;A:63:GLY;A:64:ARG;A:65:LEU;A:73:ALA;A:74:SER;A:75:ALA;A:82:SER;A:84:ALA;A:86:VAL;A:97:ILE;A:99:VAL,A:50:VAL;A:52:VAL;A:60:VAL;A:63:GLY;A:64:ARG;A:65:LEU;A:75:ALA;A:82:SER;A:84:ALA;A:97:ILE,A:62:SER;A:73:ALA;A:74:SER;A:86:VAL;A:99:VAL,
buried_1_model_3_sample1_model,analysis_failed,,,,,,,,,,,,,,,Reference topology mismatch: C=C(C)C1CC=C(C)CC1 != C=C(C)[C@H]1CC=C(C)CC1
buried_1_model_5_sample2_model,analysis_failed,,,,,,,,,,,,,,,Reference topology mismatch: C=C(C)C1CC=C(C)CC1 != C=C(C)[C@H]1CC=C(C)CC1
buried_1_model_9_sample1_model,analysis_failed,,,,,,,,,,,,,,,Reference topology mismatch: C=C(C)C1CC=C(C)CC1 != C=C(C)[C@H]1CC=C(C)CC1
buried_2_model_2_sample8_model,analysis_failed,,,,,,,,,,,,,,,Reference topology mismatch: C=C(C)C1CC=C(C)CC1 != C=C(C)[C@H]1CC=C(C)CC1
buried_2_model_3_sample1_model,analysis_failed,,,,,,,,,,,,,,,Reference topology mismatch: C=C(C)C1CC=C(C)CC1 != C=C(C)[C@H]1CC=C(C)CC1
buried_2_model_4_sample8_model,analysis_failed,,,,,,,,,,,,,,,Reference topology mismatch: C=C(C)C1CC=C(C)CC1 != C=C(C)[C@H]1CC=C(C)CC1
buried_2_model_5_sample6_model,analysis_failed,,,,,,,,,,,,,,,Reference topology mismatch: C=C(C)C1CC=C(C)CC1 != C=C(C)[C@H]1CC=C(C)CC1
buried_2_model_7_sample5_model,analysis_failed,,,,,,,,,,,,,,,Reference topology mismatch: C=C(C)C1CC=C(C)CC1 != C=C(C)[C@H]1CC=C(C)CC1
buried_2_model_8_sample7_model,analysis_failed,,,,,,,,,,,,,,,Reference topology mismatch: C=C(C)C1CC=C(C)CC1 != C=C(C)[C@H]1CC=C(C)CC1
buried_3_model_1_sample8_model,analysis_failed,,,,,,,,,,,,,,,Reference topology mismatch: C=C(C)C1CC=C(C)CC1 != C=C(C)[C@H]1CC=C(C)CC1
buried_3_model_3_sample7_model,analysis_failed,,,,,,,,,,,,,,,Reference topology mismatch: C=C(C)C1CC=C(C)CC1 != C=C(C)[C@H]1CC=C(C)CC1
buried_3_model_5_sample6_model,analysis_failed,,,,,,,,,,,,,,,Reference topology mismatch: C=C(C)C1CC=C(C)CC1 != C=C(C)[C@H]1CC=C(C)CC1
buried_4_model_0_sample7_model,analysis_failed,,,,,,,,,,,,,,,Reference topology mismatch: C=C(C)C1CC=C(C)CC1 != C=C(C)[C@H]1CC=C(C)CC1
buried_4_model_3_sample10_model,analysis_failed,,,,,,,,,,,,,,,Reference topology mismatch: C=C(C)C1CC=C(C)CC1 != C=C(C)[C@H]1CC=C(C)CC1
buried_4_model_5_sample5_model,analysis_failed,,,,,,,,,,,,,,,Reference topology mismatch: C=C(C)C1CC=C(C)CC1 != C=C(C)[C@H]1CC=C(C)CC1
buried_4_model_6_sample2_model,analysis_failed,,,,,,,,,,,,,,,Reference topology mismatch: C=C(C)C1CC=C(C)CC1 != C=C(C)[C@H]1CC=C(C)CC1
buried_4_model_7_sample10_model,analysis_failed,,,,,,,,,,,,,,,Reference topology mismatch: C=C(C)C1CC=C(C)CC1 != C=C(C)[C@H]1CC=C(C)CC1
buried_4_model_8_sample1_model,analysis_failed,,,,,,,,,,,,,,,Reference topology mismatch: C=C(C)C1CC=C(C)CC1 != C=C(C)[C@H]1CC=C(C)CC1
buried_5_model_0_sample7_model,analysis_failed,,,,,,,,,,,,,,,Reference topology mismatch: C=C(C)C1CC=C(C)CC1 != C=C(C)[C@H]1CC=C(C)CC1
buried_5_model_1_sample2_model,analysis_failed,,,,,,,,,,,,,,,Reference topology mismatch: C=C(C)C1CC=C(C)CC1 != C=C(C)[C@H]1CC=C(C)CC1
buried_5_model_2_sample6_model,analysis_failed,,,,,,,,,,,,,,,Reference topology mismatch: C=C(C)C1CC=C(C)CC1 != C=C(C)[C@H]1CC=C(C)CC1
buried_5_model_3_sample4_model,analysis_failed,,,,,,,,,,,,,,,Reference topology mismatch: C=C(C)C1CC=C(C)CC1 != C=C(C)[C@H]1CC=C(C)CC1
buried_5_model_4_sample4_model,analysis_failed,,,,,,,,,,,,,,,Reference topology mismatch: C=C(C)C1CC=C(C)CC1 != C=C(C)[C@H]1CC=C(C)CC1
buried_5_model_5_sample5_model,analysis_failed,,,,,,,,,,,,,,,Reference topology mismatch: C=C(C)C1CC=C(C)CC1 != C=C(C)[C@H]1CC=C(C)CC1
buried_6_model_1_sample4_model,success,-5.172,2.1627,0.9849,83.3333,9.0909,0.7692,0.5388,Acceptable_pocket_alignment,Tier_B_partially_supported_pose,Not_priority_for_initial_MD,A:8:LEU;A:9:THR;A:10:SER;A:20:VAL;A:21:SER;A:22:GLN;A:72:LEU;A:83:VAL;A:84:THR;A:85:ALA;A:94:ILE;A:96:VAL,A:8:LEU;A:9:THR;A:10:SER;A:11:ALA;A:20:VAL;A:21:SER;A:22:GLN;A:83:VAL;A:85:ALA;A:94:ILE;A:96:VAL,A:8:LEU;A:9:THR;A:10:SER;A:20:VAL;A:21:SER;A:22:GLN;A:83:VAL;A:85:ALA;A:94:ILE;A:96:VAL,A:11:ALA,
buried_6_model_3_sample9_model,analysis_failed,,,,,,,,,,,,,,,Reference topology mismatch: C=C(C)C1CC=C(C)CC1 != C=C(C)[C@H]1CC=C(C)CC1
buried_6_model_4_sample7_model,analysis_failed,,,,,,,,,,,,,,,Reference topology mismatch: C=C(C)C1CC=C(C)CC1 != C=C(C)[C@H]1CC=C(C)CC1
buried_6_model_9_sample8_model,analysis_failed,,,,,,,,,,,,,,,Reference topology mismatch: C=C(C)C1CC=C(C)CC1 != C=C(C)[C@H]1CC=C(C)CC1
buried_7_model_3_sample2_model,analysis_failed,,,,,,,,,,,,,,,Reference topology mismatch: C=C(C)C1CC=C(C)CC1 != C=C(C)[C@H]1CC=C(C)CC1
buried_7_model_4_sample6_model,analysis_failed,,,,,,,,,,,,,,,Reference topology mismatch: C=C(C)[C@@H]1CC=C(C)CC1 != C=C(C)[C@H]1CC=C(C)CC1
buried_7_model_5_sample9_model,analysis_failed,,,,,,,,,,,,,,,Reference topology mismatch: C=C(C)C1CC=C(C)CC1 != C=C(C)[C@H]1CC=C(C)CC1
buried_7_model_6_sample4_model,analysis_failed,,,,,,,,,,,,,,,Reference topology mismatch: C=C(C)C1CC=C(C)CC1 != C=C(C)[C@H]1CC=C(C)CC1
buried_7_model_7_sample10_model,analysis_failed,,,,,,,,,,,,,,,Reference topology mismatch: C=C(C)C1CC=C(C)CC1 != C=C(C)[C@H]1CC=C(C)CC1
buried_8_model_2_sample8_model,analysis_failed,,,,,,,,,,,,,,,Reference topology mismatch: C=C(C)C1CC=C(C)CC1 != C=C(C)[C@H]1CC=C(C)CC1
buried_8_model_3_sample2_model,analysis_failed,,,,,,,,,,,,,,,Reference topology mismatch: C=C(C)C1CC=C(C)CC1 != C=C(C)[C@H]1CC=C(C)CC1
buried_8_model_4_sample3_model,analysis_failed,,,,,,,,,,,,,,,Reference topology mismatch: C=C(C)C1CC=C(C)CC1 != C=C(C)[C@H]1CC=C(C)CC1
buried_8_model_7_sample9_model,analysis_failed,,,,,,,,,,,,,,,Reference topology mismatch: C=C(C)C1CC=C(C)CC1 != C=C(C)[C@H]1CC=C(C)CC1
buried_8_model_9_sample2_model,analysis_failed,,,,,,,,,,,,,,,Reference topology mismatch: C=C(C)C1CC=C(C)CC1 != C=C(C)[C@H]1CC=C(C)CC1
buried_9_model_0_sample5_model,analysis_failed,,,,,,,,,,,,,,,Reference topology mismatch: C=C(C)C1CC=C(C)CC1 != C=C(C)[C@H]1CC=C(C)CC1
buried_9_model_3_sample2_model,analysis_failed,,,,,,,,,,,,,,,Reference topology mismatch: C=C(C)[C@@H]1CC=C(C)CC1 != C=C(C)[C@H]1CC=C(C)CC1
buried_9_model_4_sample7_model,analysis_failed,,,,,,,,,,,,,,,Reference topology mismatch: C=C(C)C1CC=C(C)CC1 != C=C(C)[C@H]1CC=C(C)CC1
buried_9_model_6_sample6_model,analysis_failed,,,,,,,,,,,,,,,Reference topology mismatch: C=C(C)C1CC=C(C)CC1 != C=C(C)[C@H]1CC=C(C)CC1
buried_9_model_9_sample7_model,analysis_failed,,,,,,,,,,,,,,,Reference topology mismatch: C=C(C)C1CC=C(C)CC1 != C=C(C)[C@H]1CC=C(C)CC1
